Date,ElecOrGas,TerritoryId,Rate,Supplier,Time
2026-03-12,elec,9,0.0934,"Shipley Choice, LLC415 Norway St York,PA 17403(844) 243-4201Company UrlOffer DetailsTerms of ServiceSign Up",14:03:37
2026-03-12,elec,2,0.0879,"Shipley Choice, LLC415 Norway St York,PA 17403(844) 243-4201Company UrlOffer DetailsTerms of ServiceSign Up",14:03:37
2026-03-12,elec,4,0.0899,"Shipley Choice, LLC415 Norway St York,PA 17403(844) 243-4201Company UrlOffer DetailsTerms of ServiceSign Up",14:03:37
2026-03-12,elec,7,0.0927,"Town Square Energy East LLC2200 E Williams Field RD, Ste 200, Gilbert, AZ 85295 Gilbert,AZ 85295(877) 430-0093Company UrlOffer DetailsTerms of ServiceSign Up",14:03:37
2026-03-12,elec,6,0.0928,"Shipley Choice, LLC415 Norway St York,PA 17403(844) 243-4201Company UrlOffer DetailsTerms of ServiceSign Up",14:03:37
2026-03-12,elec,3,0.0928,"Shipley Choice, LLC415 Norway St York,PA 17403(844) 243-4201Company UrlOffer DetailsTerms of ServiceSign Up",14:03:37
2026-03-12,gas,1,0.3192,"Ohio Gas & ElectricP.O. Box 660403 Dallas,TX 75266-0433(866) 706-7360Company UrlOffer DetailsTerms of ServiceSign Up",14:03:37
2026-03-12,gas,11,0.619,"Alpha Gas And Electric LLC12 College Road Monsey,NY 10952(845) 810-0088Company UrlOffer DetailsTerms of ServiceSign Up",14:03:37
2026-03-12,gas,10,0.479,"Ohio Gas & ElectricP.O. Box 660403 Dallas,TX 75266-0433(866) 706-7360Company UrlOffer DetailsTerms of ServiceSign Up",14:03:37
2026-03-12,gas,8,0.659,"Ohio Gas & ElectricP.O. Box 660403 Dallas,TX 75266-0433(866) 706-7360Company UrlOffer DetailsTerms of ServiceSign Up",14:03:37
2026-03-14,elec,9,0.0947,"Shipley Choice, LLC415 Norway St York,PA 17403(844) 243-4201Company UrlOffer DetailsTerms of ServiceSign Up",14:01:50
2026-03-14,elec,2,0.0958,"Shipley Choice, LLC415 Norway St York,PA 17403(844) 243-4201Company UrlOffer DetailsTerms of ServiceSign Up",14:01:50
2026-03-14,elec,4,0.0899,"Shipley Choice, LLC415 Norway St York,PA 17403(844) 243-4201Company UrlOffer DetailsTerms of ServiceSign Up",14:01:50
2026-03-14,elec,7,0.0927,"Town Square Energy East LLC2200 E Williams Field RD, Ste 200, Gilbert, AZ 85295 Gilbert,AZ 85295(877) 430-0093Company UrlOffer DetailsTerms of ServiceSign Up",14:01:50
2026-03-14,elec,6,0.0928,"Shipley Choice, LLC415 Norway St York,PA 17403(844) 243-4201Company UrlOffer DetailsTerms of ServiceSign Up",14:01:50
2026-03-14,elec,3,0.0928,"Shipley Choice, LLC415 Norway St York,PA 17403(844) 243-4201Company UrlOffer DetailsTerms of ServiceSign Up",14:01:50
2026-03-14,gas,1,0.3192,"Ohio Gas & ElectricP.O. Box 660403 Dallas,TX 75266-0433(866) 706-7360Company UrlOffer DetailsTerms of ServiceSign Up",14:01:50
2026-03-14,gas,11,0.619,"Alpha Gas And Electric LLC12 College Road Monsey,NY 10952(845) 810-0088Company UrlOffer DetailsTerms of ServiceSign Up",14:01:50
2026-03-14,gas,10,0.479,"Ohio Gas & ElectricP.O. Box 660403 Dallas,TX 75266-0433(866) 706-7360Company UrlOffer DetailsTerms of ServiceSign Up",14:01:50
2026-03-14,gas,8,0.659,"Ohio Gas & ElectricP.O. Box 660403 Dallas,TX 75266-0433(866) 706-7360Company UrlOffer DetailsTerms of ServiceSign Up",14:01:50
2026-03-15,elec,9,0.0947,"Shipley Choice, LLC415 Norway St York,PA 17403(844) 243-4201Company UrlOffer DetailsTerms of ServiceSign Up",13:39:53
2026-03-15,elec,2,0.0958,"APG&E6161 Savoy Drive Suite 500 Houston,TX 77036(713) 396-1757Company UrlOffer DetailsTerms of ServiceSign Up",13:39:53
2026-03-15,elec,4,0.0899,"Shipley Choice, LLC415 Norway St York,PA 17403(844) 243-4201Company UrlOffer DetailsTerms of ServiceSign Up",13:39:53
2026-03-15,elec,7,0.0927,"Town Square Energy East LLC2200 E Williams Field RD, Ste 200, Gilbert, AZ 85295 Gilbert,AZ 85295(877) 430-0093Company UrlOffer DetailsTerms of ServiceSign Up",13:39:53
2026-03-15,elec,6,0.0928,"Shipley Choice, LLC415 Norway St York,PA 17403(844) 243-4201Company UrlOffer DetailsTerms of ServiceSign Up",13:39:53
2026-03-15,elec,3,0.0928,"Shipley Choice, LLC415 Norway St York,PA 17403(844) 243-4201Company UrlOffer DetailsTerms of ServiceSign Up",13:39:53
2026-03-15,gas,1,0.3192,"Ohio Gas & ElectricP.O. Box 660403 Dallas,TX 75266-0433(866) 706-7360Company UrlOffer DetailsTerms of ServiceSign Up",13:39:53
2026-03-15,gas,11,0.619,"Alpha Gas And Electric LLC12 College Road Monsey,NY 10952(845) 810-0088Company UrlOffer DetailsTerms of ServiceSign Up",13:39:53
2026-03-15,gas,10,0.479,"Ohio Gas & ElectricP.O. Box 660403 Dallas,TX 75266-0433(866) 706-7360Company UrlOffer DetailsTerms of ServiceSign Up",13:39:53
2026-03-15,gas,8,0.659,"Ohio Gas & ElectricP.O. Box 660403 Dallas,TX 75266-0433(866) 706-7360Company UrlOffer DetailsTerms of ServiceSign Up",13:39:53
2026-03-15,elec,9,0.0947,"Shipley Choice, LLC415 Norway St York,PA 17403(844) 243-4201Company UrlOffer DetailsTerms of ServiceSign Up",13:51:35
2026-03-15,elec,2,0.0958,"Shipley Choice, LLC415 Norway St York,PA 17403(844) 243-4201Company UrlOffer DetailsTerms of ServiceSign Up",13:51:35
2026-03-15,elec,4,0.0899,"Shipley Choice, LLC415 Norway St York,PA 17403(844) 243-4201Company UrlOffer DetailsTerms of ServiceSign Up",13:51:35
2026-03-15,elec,7,0.0927,"Town Square Energy East LLC2200 E Williams Field RD, Ste 200, Gilbert, AZ 85295 Gilbert,AZ 85295(877) 430-0093Company UrlOffer DetailsTerms of ServiceSign Up",13:51:35
2026-03-15,elec,6,0.0928,"Shipley Choice, LLC415 Norway St York,PA 17403(844) 243-4201Company UrlOffer DetailsTerms of ServiceSign Up",13:51:35
2026-03-15,elec,3,0.0928,"Shipley Choice, LLC415 Norway St York,PA 17403(844) 243-4201Company UrlOffer DetailsTerms of ServiceSign Up",13:51:35
2026-03-15,gas,1,0.3192,"Ohio Gas & ElectricP.O. Box 660403 Dallas,TX 75266-0433(866) 706-7360Company UrlOffer DetailsTerms of ServiceSign Up",13:51:35
2026-03-15,gas,11,0.619,"Alpha Gas And Electric LLC12 College Road Monsey,NY 10952(845) 810-0088Company UrlOffer DetailsTerms of ServiceSign Up",13:51:35
2026-03-15,gas,10,0.479,"Energy Harbor LLC168 East Market Street Akron,OH 44308(855) 487-0822Company UrlOffer DetailsTerms of ServiceSign Up",13:51:35
2026-03-15,gas,8,0.659,"Energy Harbor LLC168 East Market Street Akron,OH 44308(855) 487-0822Company UrlOffer DetailsTerms of ServiceSign Up",13:51:35
2026-03-15,elec,9,0.0947,"Shipley Choice, LLC415 Norway St York,PA 17403(844) 243-4201Company UrlOffer DetailsTerms of ServiceSign Up",15:02:04
2026-03-15,elec,2,0.0958,"APG&E6161 Savoy Drive Suite 500 Houston,TX 77036(713) 396-1757Company UrlOffer DetailsTerms of ServiceSign Up",15:02:04
2026-03-15,elec,4,0.0899,"Shipley Choice, LLC415 Norway St York,PA 17403(844) 243-4201Company UrlOffer DetailsTerms of ServiceSign Up",15:02:04
2026-03-15,elec,7,0.0927,"Town Square Energy East LLC2200 E Williams Field RD, Ste 200, Gilbert, AZ 85295 Gilbert,AZ 85295(877) 430-0093Company UrlOffer DetailsTerms of ServiceSign Up",15:02:04
2026-03-15,elec,6,0.0928,"Shipley Choice, LLC415 Norway St York,PA 17403(844) 243-4201Company UrlOffer DetailsTerms of ServiceSign Up",15:02:04
2026-03-15,elec,3,0.0928,"Shipley Choice, LLC415 Norway St York,PA 17403(844) 243-4201Company UrlOffer DetailsTerms of ServiceSign Up",15:02:04
2026-03-15,gas,1,0.3192,"Ohio Gas & ElectricP.O. Box 660403 Dallas,TX 75266-0433(866) 706-7360Company UrlOffer DetailsTerms of ServiceSign Up",15:02:04
2026-03-15,gas,11,0.619,"Alpha Gas And Electric LLC12 College Road Monsey,NY 10952(845) 810-0088Company UrlOffer DetailsTerms of ServiceSign Up",15:02:04
2026-03-15,gas,10,0.479,"Ohio Gas & ElectricP.O. Box 660403 Dallas,TX 75266-0433(866) 706-7360Company UrlOffer DetailsTerms of ServiceSign Up",15:02:04
2026-03-15,gas,8,0.659,"Ohio Gas & ElectricP.O. Box 660403 Dallas,TX 75266-0433(866) 706-7360Company UrlOffer DetailsTerms of ServiceSign Up",15:02:04
2026-03-16,elec,9,0.0947,"Shipley Choice, LLC415 Norway St York,PA 17403(844) 243-4201Company UrlOffer DetailsTerms of ServiceSign Up",14:13:57
2026-03-16,elec,2,0.0958,"APG&E6161 Savoy Drive Suite 500 Houston,TX 77036(713) 396-1757Company UrlOffer DetailsTerms of ServiceSign Up",14:13:57
2026-03-16,elec,4,0.0899,"Shipley Choice, LLC415 Norway St York,PA 17403(844) 243-4201Company UrlOffer DetailsTerms of ServiceSign Up",14:13:57
2026-03-16,elec,7,0.0927,"Town Square Energy East LLC2200 E Williams Field RD, Ste 200, Gilbert, AZ 85295 Gilbert,AZ 85295(877) 430-0093Company UrlOffer DetailsTerms of ServiceSign Up",14:13:57
2026-03-16,elec,6,0.0928,"Shipley Choice, LLC415 Norway St York,PA 17403(844) 243-4201Company UrlOffer DetailsTerms of ServiceSign Up",14:13:57
2026-03-16,elec,3,0.0928,"Shipley Choice, LLC415 Norway St York,PA 17403(844) 243-4201Company UrlOffer DetailsTerms of ServiceSign Up",14:13:57
2026-03-16,gas,1,0.3192,"Ohio Gas & ElectricP.O. Box 660403 Dallas,TX 75266-0433(866) 706-7360Company UrlOffer DetailsTerms of ServiceSign Up",14:13:57
2026-03-16,gas,11,0.619,"Alpha Gas And Electric LLC12 College Road Monsey,NY 10952(845) 810-0088Company UrlOffer DetailsTerms of ServiceSign Up",14:13:57
2026-03-16,gas,10,0.479,"Ohio Gas & ElectricP.O. Box 660403 Dallas,TX 75266-0433(866) 706-7360Company UrlOffer DetailsTerms of ServiceSign Up",14:13:57
2026-03-16,gas,8,0.659,"Energy Harbor LLC168 East Market Street Akron,OH 44308(855) 487-0822Company UrlOffer DetailsTerms of ServiceSign Up",14:13:57
2026-03-17,elec,9,0.0946,"APG&E6161 Savoy Dr Suite 500 Houston,TX 77036(713) 396-1757Company UrlOffer DetailsTerms of ServiceSign Up",14:12:19
2026-03-17,elec,2,0.0958,"APG&E6161 Savoy Drive Suite 500 Houston,TX 77036(713) 396-1757Company UrlOffer DetailsTerms of ServiceSign Up",14:12:19
2026-03-17,elec,4,0.0899,"Shipley Choice, LLC415 Norway St York,PA 17403(844) 243-4201Company UrlOffer DetailsTerms of ServiceSign Up",14:12:19
2026-03-17,elec,7,0.0927,"Town Square Energy East LLC2200 E Williams Field RD, Ste 200, Gilbert, AZ 85295 Gilbert,AZ 85295(877) 430-0093Company UrlOffer DetailsTerms of ServiceSign Up",14:12:19
2026-03-17,elec,6,0.0928,"Shipley Choice, LLC415 Norway St York,PA 17403(844) 243-4201Company UrlOffer DetailsTerms of ServiceSign Up",14:12:19
2026-03-17,elec,3,0.0928,"Shipley Choice, LLC415 Norway St York,PA 17403(844) 243-4201Company UrlOffer DetailsTerms of ServiceSign Up",14:12:19
2026-03-17,gas,1,0.3192,"Ohio Gas & ElectricP.O. Box 660403 Dallas,TX 75266-0433(866) 706-7360Company UrlOffer DetailsTerms of ServiceSign Up",14:12:19
2026-03-17,gas,11,0.619,"Alpha Gas And Electric LLC12 College Road Monsey,NY 10952(845) 810-0088Company UrlOffer DetailsTerms of ServiceSign Up",14:12:19
2026-03-17,gas,10,0.479,"Ohio Gas & ElectricP.O. Box 660403 Dallas,TX 75266-0433(866) 706-7360Company UrlOffer DetailsTerms of ServiceSign Up",14:12:19
2026-03-17,gas,8,0.659,"Ohio Gas & ElectricP.O. Box 660403 Dallas,TX 75266-0433(866) 706-7360Company UrlOffer DetailsTerms of ServiceSign Up",14:12:19
2026-03-18,elec,9,0.0946,"APG&E6161 Savoy Dr Suite 500 Houston,TX 77036(713) 396-1757Company UrlOffer DetailsTerms of ServiceSign Up",14:14:44
2026-03-18,elec,2,0.0958,"APG&E6161 Savoy Drive Suite 500 Houston,TX 77036(713) 396-1757Company UrlOffer DetailsTerms of ServiceSign Up",14:14:44
2026-03-18,elec,4,0.0899,"Shipley Choice, LLC415 Norway St York,PA 17403(844) 243-4201Company UrlOffer DetailsTerms of ServiceSign Up",14:14:44
2026-03-18,elec,7,0.0927,"Town Square Energy East LLC2200 E Williams Field RD, Ste 200, Gilbert, AZ 85295 Gilbert,AZ 85295(877) 430-0093Company UrlOffer DetailsTerms of ServiceSign Up",14:14:44
2026-03-18,elec,6,0.0928,"Shipley Choice, LLC415 Norway St York,PA 17403(844) 243-4201Company UrlOffer DetailsTerms of ServiceSign Up",14:14:44
2026-03-18,elec,3,0.0928,"Shipley Choice, LLC415 Norway St York,PA 17403(844) 243-4201Company UrlOffer DetailsTerms of ServiceSign Up",14:14:44
2026-03-18,gas,1,0.3192,"Ohio Gas & ElectricP.O. Box 660403 Dallas,TX 75266-0433(866) 706-7360Company UrlOffer DetailsTerms of ServiceSign Up",14:14:44
2026-03-18,gas,11,0.619,"Alpha Gas And Electric LLC12 College Road Monsey,NY 10952(845) 810-0088Company UrlOffer DetailsTerms of ServiceSign Up",14:14:44
2026-03-18,gas,10,0.479,"Energy Harbor LLC168 East Market Street Akron,OH 44308(855) 487-0822Company UrlOffer DetailsTerms of ServiceSign Up",14:14:44
2026-03-18,gas,8,0.659,"Ohio Gas & ElectricP.O. Box 660403 Dallas,TX 75266-0433(866) 706-7360Company UrlOffer DetailsTerms of ServiceSign Up",14:14:44
2026-03-19,elec,9,0.0946,"APG&E6161 Savoy Dr Suite 500 Houston,TX 77036(713) 396-1757Company UrlOffer DetailsTerms of ServiceSign Up",14:01:54
2026-03-19,elec,2,0.0958,"APG&E6161 Savoy Drive Suite 500 Houston,TX 77036(713) 396-1757Company UrlOffer DetailsTerms of ServiceSign Up",14:01:54
2026-03-19,elec,4,0.0899,"Shipley Choice, LLC415 Norway St York,PA 17403(844) 243-4201Company UrlOffer DetailsTerms of ServiceSign Up",14:01:54
2026-03-19,elec,7,0.0927,"Town Square Energy East LLC2200 E Williams Field RD, Ste 200, Gilbert, AZ 85295 Gilbert,AZ 85295(877) 430-0093Company UrlOffer DetailsTerms of ServiceSign Up",14:01:54
2026-03-19,elec,6,0.0928,"Shipley Choice, LLC415 Norway St York,PA 17403(844) 243-4201Company UrlOffer DetailsTerms of ServiceSign Up",14:01:54
2026-03-19,elec,3,0.0928,"Shipley Choice, LLC415 Norway St York,PA 17403(844) 243-4201Company UrlOffer DetailsTerms of ServiceSign Up",14:01:54
2026-03-19,gas,1,0.3192,"Ohio Gas & ElectricP.O. Box 660403 Dallas,TX 75266-0433(866) 706-7360Company UrlOffer DetailsTerms of ServiceSign Up",14:01:54
2026-03-19,gas,11,0.619,"Alpha Gas And Electric LLC12 College Road Monsey,NY 10952(845) 810-0088Company UrlOffer DetailsTerms of ServiceSign Up",14:01:54
2026-03-19,gas,10,0.479,"Ohio Gas & ElectricP.O. Box 660403 Dallas,TX 75266-0433(866) 706-7360Company UrlOffer DetailsTerms of ServiceSign Up",14:01:54
2026-03-19,gas,8,0.659,"Ohio Gas & ElectricP.O. Box 660403 Dallas,TX 75266-0433(866) 706-7360Company UrlOffer DetailsTerms of ServiceSign Up",14:01:54
2026-03-20,elec,9,0.0939,"Public Power LLCP.O. Box 660823 Dallas,TX 75266-0823(888) 354-4415Company UrlOffer DetailsTerms of ServiceSign Up",13:53:40
2026-03-20,elec,2,0.0958,"APG&E6161 Savoy Drive Suite 500 Houston,TX 77036(713) 396-1757Company UrlOffer DetailsTerms of ServiceSign Up",13:53:40
2026-03-20,elec,4,0.0899,"Shipley Choice, LLC415 Norway St York,PA 17403(844) 243-4201Company UrlOffer DetailsTerms of ServiceSign Up",13:53:40
2026-03-20,elec,7,0.0909,"Dynegy Energy Services East LLC6555 Sierra Drive Irving,TX 75039(833) 277-8471Company UrlOffer DetailsTerms of ServiceSign Up",13:53:40
2026-03-20,elec,6,0.0909,"Public Power LLCP.O. Box 660823 Dallas,TX 75266-0823(888) 354-4415Company UrlOffer DetailsTerms of ServiceSign Up",13:53:40
2026-03-20,elec,3,0.0909,"Public Power LLCP.O. Box 660823 Dallas,TX 75266-0823(888) 354-4415Company UrlOffer DetailsTerms of ServiceSign Up",13:53:40
2026-03-20,gas,1,0.3192,"Ohio Gas & ElectricP.O. Box 660403 Dallas,TX 75266-0433(866) 706-7360Company UrlOffer DetailsTerms of ServiceSign Up",13:53:40
2026-03-20,gas,11,0.619,"Alpha Gas And Electric LLC12 College Road Monsey,NY 10952(845) 810-0088Company UrlOffer DetailsTerms of ServiceSign Up",13:53:40
2026-03-20,gas,10,0.479,"Ohio Gas & ElectricP.O. Box 660403 Dallas,TX 75266-0433(866) 706-7360Company UrlOffer DetailsTerms of ServiceSign Up",13:53:40
2026-03-20,gas,8,0.659,"Energy Harbor LLC168 East Market Street Akron,OH 44308(855) 487-0822Company UrlOffer DetailsTerms of ServiceSign Up",13:53:40
2026-03-21,elec,9,0.0939,"Public Power LLCP.O. Box 660823 Dallas,TX 75266-0823(888) 354-4415Company UrlOffer DetailsTerms of ServiceSign Up",13:35:30
2026-03-21,elec,2,0.0958,"APG&E6161 Savoy Drive Suite 500 Houston,TX 77036(713) 396-1757Company UrlOffer DetailsTerms of ServiceSign Up",13:35:30
2026-03-21,elec,4,0.0899,"Shipley Choice, LLC415 Norway St York,PA 17403(844) 243-4201Company UrlOffer DetailsTerms of ServiceSign Up",13:35:30
2026-03-21,elec,7,0.0909,"Public Power LLCP.O. Box 660823 Dallas,TX 75266-0823(888) 354-4415Company UrlOffer DetailsTerms of ServiceSign Up",13:35:30
2026-03-21,elec,6,0.0909,"Dynegy Energy Services East LLC6555 Sierra Drive Irving,TX 75039(833) 277-8471Company UrlOffer DetailsTerms of ServiceSign Up",13:35:30
2026-03-21,elec,3,0.0909,"Dynegy Energy Services East LLC6555 Sierra Drive Irving,TX 75039(833) 277-8471Company UrlOffer DetailsTerms of ServiceSign Up",13:35:30
2026-03-21,gas,1,0.3192,"Ohio Gas & ElectricP.O. Box 660403 Dallas,TX 75266-0433(866) 706-7360Company UrlOffer DetailsTerms of ServiceSign Up",13:35:30
2026-03-21,gas,11,0.619,"Alpha Gas And Electric LLC12 College Road Monsey,NY 10952(845) 810-0088Company UrlOffer DetailsTerms of ServiceSign Up",13:35:30
2026-03-21,gas,10,0.479,"Energy Harbor LLC168 East Market Street Akron,OH 44308(855) 487-0822Company UrlOffer DetailsTerms of ServiceSign Up",13:35:30
2026-03-21,gas,8,0.659,"Energy Harbor LLC168 East Market Street Akron,OH 44308(855) 487-0822Company UrlOffer DetailsTerms of ServiceSign Up",13:35:30
2026-03-22,elec,9,0.0939,"Dynegy Energy Services East LLC6555 Sierra Drive Irving,TX 75039(833) 277-8471Company UrlOffer DetailsTerms of ServiceSign Up",13:36:46
2026-03-22,elec,2,0.0958,"APG&E6161 Savoy Drive Suite 500 Houston,TX 77036(713) 396-1757Company UrlOffer DetailsTerms of ServiceSign Up",13:36:46
2026-03-22,elec,4,0.0899,"Shipley Choice, LLC415 Norway St York,PA 17403(844) 243-4201Company UrlOffer DetailsTerms of ServiceSign Up",13:36:46
2026-03-22,elec,7,0.0909,"Dynegy Energy Services East LLC6555 Sierra Drive Irving,TX 75039(833) 277-8471Company UrlOffer DetailsTerms of ServiceSign Up",13:36:46
2026-03-22,elec,6,0.0909,"Dynegy Energy Services East LLC6555 Sierra Drive Irving,TX 75039(833) 277-8471Company UrlOffer DetailsTerms of ServiceSign Up",13:36:46
2026-03-22,elec,3,0.0909,"Public Power LLCP.O. Box 660823 Dallas,TX 75266-0823(888) 354-4415Company UrlOffer DetailsTerms of ServiceSign Up",13:36:46
2026-03-22,gas,1,0.3192,"Ohio Gas & ElectricP.O. Box 660403 Dallas,TX 75266-0433(866) 706-7360Company UrlOffer DetailsTerms of ServiceSign Up",13:36:46
2026-03-22,gas,11,0.619,"Alpha Gas And Electric LLC12 College Road Monsey,NY 10952(845) 810-0088Company UrlOffer DetailsTerms of ServiceSign Up",13:36:46
2026-03-22,gas,10,0.479,"Energy Harbor LLC168 East Market Street Akron,OH 44308(855) 487-0822Company UrlOffer DetailsTerms of ServiceSign Up",13:36:46
2026-03-22,gas,8,0.659,"Ohio Gas & ElectricP.O. Box 660403 Dallas,TX 75266-0433(866) 706-7360Company UrlOffer DetailsTerms of ServiceSign Up",13:36:46
2026-03-23,elec,9,0.0939,"Public Power LLCP.O. Box 660823 Dallas,TX 75266-0823(888) 354-4415Company UrlOffer DetailsTerms of ServiceSign Up",14:07:14
2026-03-23,elec,2,0.0958,"Shipley Choice, LLC415 Norway St York,PA 17403(844) 243-4201Company UrlOffer DetailsTerms of ServiceSign Up",14:07:14
2026-03-23,elec,4,0.0899,"Shipley Choice, LLC415 Norway St York,PA 17403(844) 243-4201Company UrlOffer DetailsTerms of ServiceSign Up",14:07:14
2026-03-23,elec,7,0.0909,"Public Power LLCP.O. Box 660823 Dallas,TX 75266-0823(888) 354-4415Company UrlOffer DetailsTerms of ServiceSign Up",14:07:14
2026-03-23,elec,6,0.0909,"Dynegy Energy Services East LLC6555 Sierra Drive Irving,TX 75039(833) 277-8471Company UrlOffer DetailsTerms of ServiceSign Up",14:07:14
2026-03-23,elec,3,0.0909,"Dynegy Energy Services East LLC6555 Sierra Drive Irving,TX 75039(833) 277-8471Company UrlOffer DetailsTerms of ServiceSign Up",14:07:14
2026-03-23,gas,1,0.3192,"Ohio Gas & ElectricP.O. Box 660403 Dallas,TX 75266-0433(866) 706-7360Company UrlOffer DetailsTerms of ServiceSign Up",14:07:14
2026-03-23,gas,11,0.619,"Alpha Gas And Electric LLC12 College Road Monsey,NY 10952(845) 810-0088Company UrlOffer DetailsTerms of ServiceSign Up",14:07:14
2026-03-23,gas,10,0.479,"Energy Harbor LLC168 East Market Street Akron,OH 44308(855) 487-0822Company UrlOffer DetailsTerms of ServiceSign Up",14:07:14
2026-03-23,gas,8,0.659,"Ohio Gas & ElectricP.O. Box 660403 Dallas,TX 75266-0433(866) 706-7360Company UrlOffer DetailsTerms of ServiceSign Up",14:07:14
2026-03-24,elec,9,0.0939,"Dynegy Energy Services East LLC6555 Sierra Drive Irving,TX 75039(833) 277-8471Company UrlOffer DetailsTerms of ServiceSign Up",14:12:31
2026-03-24,elec,2,0.0958,"APG&E6161 Savoy Drive Suite 500 Houston,TX 77036(713) 396-1757Company UrlOffer DetailsTerms of ServiceSign Up",14:12:31
2026-03-24,elec,4,0.0899,"Shipley Choice, LLC415 Norway St York,PA 17403(844) 243-4201Company UrlOffer DetailsTerms of ServiceSign Up",14:12:31
2026-03-24,elec,7,0.0909,"Dynegy Energy Services East LLC6555 Sierra Drive Irving,TX 75039(833) 277-8471Company UrlOffer DetailsTerms of ServiceSign Up",14:12:31
2026-03-24,elec,6,0.0909,"Dynegy Energy Services East LLC6555 Sierra Drive Irving,TX 75039(833) 277-8471Company UrlOffer DetailsTerms of ServiceSign Up",14:12:31
2026-03-24,elec,3,0.0909,"Dynegy Energy Services East LLC6555 Sierra Drive Irving,TX 75039(833) 277-8471Company UrlOffer DetailsTerms of ServiceSign Up",14:12:31
2026-03-24,gas,1,0.3192,"Ohio Gas & ElectricP.O. Box 660403 Dallas,TX 75266-0433(866) 706-7360Company UrlOffer DetailsTerms of ServiceSign Up",14:12:31
2026-03-24,gas,11,0.619,"Alpha Gas And Electric LLC12 College Road Monsey,NY 10952(845) 810-0088Company UrlOffer DetailsTerms of ServiceSign Up",14:12:31
2026-03-24,gas,10,0.479,"Ohio Gas & ElectricP.O. Box 660403 Dallas,TX 75266-0433(866) 706-7360Company UrlOffer DetailsTerms of ServiceSign Up",14:12:31
2026-03-24,gas,8,0.659,"Energy Harbor LLC168 East Market Street Akron,OH 44308(855) 487-0822Company UrlOffer DetailsTerms of ServiceSign Up",14:12:31
2026-03-25,elec,9,0.0939,"Dynegy Energy Services East LLC6555 Sierra Drive Irving,TX 75039(833) 277-8471Company UrlOffer DetailsTerms of ServiceSign Up",14:10:41
2026-03-25,elec,2,0.0958,"APG&E6161 Savoy Drive Suite 500 Houston,TX 77036(713) 396-1757Company UrlOffer DetailsTerms of ServiceSign Up",14:10:41
2026-03-25,elec,4,0.0899,"Shipley Choice, LLC415 Norway St York,PA 17403(844) 243-4201Company UrlOffer DetailsTerms of ServiceSign Up",14:10:41
2026-03-25,elec,7,0.0899,"Inspire Energy Holdings, LLC24 Greenway Plaza Suite 610 Houston,TX 77046(855) 752-1560Company UrlOffer DetailsTerms of ServiceSign Up",14:10:41
2026-03-25,elec,6,0.0909,"Dynegy Energy Services East LLC6555 Sierra Drive Irving,TX 75039(833) 277-8471Company UrlOffer DetailsTerms of ServiceSign Up",14:10:41
2026-03-25,elec,3,0.0909,"Dynegy Energy Services East LLC6555 Sierra Drive Irving,TX 75039(833) 277-8471Company UrlOffer DetailsTerms of ServiceSign Up",14:10:41
2026-03-25,gas,1,0.3192,"Ohio Gas & ElectricP.O. Box 660403 Dallas,TX 75266-0433(866) 706-7360Company UrlOffer DetailsTerms of ServiceSign Up",14:10:41
2026-03-25,gas,11,0.619,"Alpha Gas And Electric LLC12 College Road Monsey,NY 10952(845) 810-0088Company UrlOffer DetailsTerms of ServiceSign Up",14:10:41
2026-03-25,gas,10,0.479,"Energy Harbor LLC168 East Market Street Akron,OH 44308(855) 487-0822Company UrlOffer DetailsTerms of ServiceSign Up",14:10:41
2026-03-25,gas,8,0.659,"Energy Harbor LLC168 East Market Street Akron,OH 44308(855) 487-0822Company UrlOffer DetailsTerms of ServiceSign Up",14:10:41
2026-03-26,elec,9,0.0897,"Town Square Energy East LLC2200 E Williams Field Rd, Suite 200 Gilbert,AZ 85295(877) 430-0093Company UrlOffer DetailsTerms of ServiceSign Up",14:19:37
2026-03-26,elec,2,0.0938,"APG&E6161 Savoy Drive Suite 500 Houston,TX 77036(713) 396-1757Company UrlOffer DetailsTerms of ServiceSign Up",14:19:37
2026-03-26,elec,4,0.0899,"Shipley Choice, LLC415 Norway St York,PA 17403(844) 243-4201Company UrlOffer DetailsTerms of ServiceSign Up",14:19:37
2026-03-26,elec,7,0.0897,"Town Square Energy East LLC2200 E Williams Field Rd, Suite 200 Gilbert,AZ 85295(877) 430-0093Company UrlOffer DetailsTerms of ServiceSign Up",14:19:37
2026-03-26,elec,6,0.0897,"Town Square Energy East LLC2200 E Williams Field Rd, Suite 200 Gilbert,AZ 85295(877) 430-0093Company UrlOffer DetailsTerms of ServiceSign Up",14:19:37
2026-03-26,elec,3,0.0909,"Dynegy Energy Services East LLC6555 Sierra Drive Irving,TX 75039(833) 277-8471Company UrlOffer DetailsTerms of ServiceSign Up",14:19:37
2026-03-26,gas,1,0.3192,"Ohio Gas & ElectricP.O. Box 660403 Dallas,TX 75266-0433(866) 706-7360Company UrlOffer DetailsTerms of ServiceSign Up",14:19:37
2026-03-26,gas,11,0.619,"Alpha Gas And Electric LLC12 College Road Monsey,NY 10952(845) 810-0088Company UrlOffer DetailsTerms of ServiceSign Up",14:19:37
2026-03-26,gas,10,0.479,"Energy Harbor LLC168 East Market Street Akron,OH 44308(855) 487-0822Company UrlOffer DetailsTerms of ServiceSign Up",14:19:37
2026-03-26,gas,8,0.659,"Ohio Gas & ElectricP.O. Box 660403 Dallas,TX 75266-0433(866) 706-7360Company UrlOffer DetailsTerms of ServiceSign Up",14:19:37
2026-03-27,elec,9,0.0897,"Town Square Energy East LLC2200 E Williams Field Rd, Suite 200 Gilbert,AZ 85295(877) 430-0093Company UrlOffer DetailsTerms of ServiceSign Up",14:03:42
2026-03-27,elec,2,0.0938,"APG&E6161 Savoy Drive Suite 500 Houston,TX 77036(713) 396-1757Company UrlOffer DetailsTerms of ServiceSign Up",14:03:42
2026-03-27,elec,4,0.0899,"Shipley Choice, LLC415 Norway St York,PA 17403(844) 243-4201Company UrlOffer DetailsTerms of ServiceSign Up",14:03:42
2026-03-27,elec,7,0.0897,"Town Square Energy East LLC2200 E Williams Field Rd, Suite 200 Gilbert,AZ 85295(877) 430-0093Company UrlOffer DetailsTerms of ServiceSign Up",14:03:42
2026-03-27,elec,6,0.0897,"Town Square Energy East LLC2200 E Williams Field Rd, Suite 200 Gilbert,AZ 85295(877) 430-0093Company UrlOffer DetailsTerms of ServiceSign Up",14:03:42
2026-03-27,elec,3,0.0909,"Dynegy Energy Services East LLC6555 Sierra Drive Irving,TX 75039(833) 277-8471Company UrlOffer DetailsTerms of ServiceSign Up",14:03:42
2026-03-27,gas,1,0.3192,"Ohio Gas & ElectricP.O. Box 660403 Dallas,TX 75266-0433(866) 706-7360Company UrlOffer DetailsTerms of ServiceSign Up",14:03:42
2026-03-27,gas,11,0.619,"Alpha Gas And Electric LLC12 College Road Monsey,NY 10952(845) 810-0088Company UrlOffer DetailsTerms of ServiceSign Up",14:03:42
2026-03-27,gas,10,0.479,"Energy Harbor LLC168 East Market Street Akron,OH 44308(855) 487-0822Company UrlOffer DetailsTerms of ServiceSign Up",14:03:42
2026-03-27,gas,8,0.659,"Energy Harbor LLC168 East Market Street Akron,OH 44308(855) 487-0822Company UrlOffer DetailsTerms of ServiceSign Up",14:03:42
2026-03-28,elec,9,0.0897,"Town Square Energy East LLC2200 E Williams Field Rd, Suite 200 Gilbert,AZ 85295(877) 430-0093Company UrlOffer DetailsTerms of ServiceSign Up",13:42:32
2026-03-28,elec,2,0.0958,"APG&E6161 Savoy Drive Suite 500 Houston,TX 77036(713) 396-1757Company UrlOffer DetailsTerms of ServiceSign Up",13:42:32
2026-03-28,elec,4,0.0899,"Shipley Choice, LLC415 Norway St York,PA 17403(844) 243-4201Company UrlOffer DetailsTerms of ServiceSign Up",13:42:32
2026-03-28,elec,7,0.0897,"Town Square Energy East LLC2200 E Williams Field Rd, Suite 200 Gilbert,AZ 85295(877) 430-0093Company UrlOffer DetailsTerms of ServiceSign Up",13:42:32
2026-03-28,elec,6,0.0897,"Town Square Energy East LLC2200 E Williams Field Rd, Suite 200 Gilbert,AZ 85295(877) 430-0093Company UrlOffer DetailsTerms of ServiceSign Up",13:42:32
2026-03-28,elec,3,0.0909,"Dynegy Energy Services East LLC6555 Sierra Drive Irving,TX 75039(833) 277-8471Company UrlOffer DetailsTerms of ServiceSign Up",13:42:32
2026-03-28,gas,1,0.3192,"Ohio Gas & ElectricP.O. Box 660403 Dallas,TX 75266-0433(866) 706-7360Company UrlOffer DetailsTerms of ServiceSign Up",13:42:32
2026-03-28,gas,11,0.619,"Alpha Gas And Electric LLC12 College Road Monsey,NY 10952(845) 810-0088Company UrlOffer DetailsTerms of ServiceSign Up",13:42:32
2026-03-28,gas,10,0.479,"Ohio Gas & ElectricP.O. Box 660403 Dallas,TX 75266-0433(866) 706-7360Company UrlOffer DetailsTerms of ServiceSign Up",13:42:32
2026-03-28,gas,8,0.659,"Ohio Gas & ElectricP.O. Box 660403 Dallas,TX 75266-0433(866) 706-7360Company UrlOffer DetailsTerms of ServiceSign Up",13:42:32
2026-03-29,elec,9,0.0897,"Town Square Energy East LLC2200 E Williams Field Rd, Suite 200 Gilbert,AZ 85295(877) 430-0093Company UrlOffer DetailsTerms of ServiceSign Up",13:44:21
2026-03-29,elec,2,0.0958,"Shipley Choice, LLC415 Norway St York,PA 17403(844) 243-4201Company UrlOffer DetailsTerms of ServiceSign Up",13:44:21
2026-03-29,elec,4,0.0899,"Shipley Choice, LLC415 Norway St York,PA 17403(844) 243-4201Company UrlOffer DetailsTerms of ServiceSign Up",13:44:21
2026-03-29,elec,7,0.0897,"Town Square Energy East LLC2200 E Williams Field Rd, Suite 200 Gilbert,AZ 85295(877) 430-0093Company UrlOffer DetailsTerms of ServiceSign Up",13:44:21
2026-03-29,elec,6,0.0897,"Town Square Energy East LLC2200 E Williams Field Rd, Suite 200 Gilbert,AZ 85295(877) 430-0093Company UrlOffer DetailsTerms of ServiceSign Up",13:44:21
2026-03-29,elec,3,0.0909,"Dynegy Energy Services East LLC6555 Sierra Drive Irving,TX 75039(833) 277-8471Company UrlOffer DetailsTerms of ServiceSign Up",13:44:21
2026-03-29,gas,1,0.3192,"Ohio Gas & ElectricP.O. Box 660403 Dallas,TX 75266-0433(866) 706-7360Company UrlOffer DetailsTerms of ServiceSign Up",13:44:21
2026-03-29,gas,11,0.619,"Alpha Gas And Electric LLC12 College Road Monsey,NY 10952(845) 810-0088Company UrlOffer DetailsTerms of ServiceSign Up",13:44:21
2026-03-29,gas,10,0.479,"Ohio Gas & ElectricP.O. Box 660403 Dallas,TX 75266-0433(866) 706-7360Company UrlOffer DetailsTerms of ServiceSign Up",13:44:21
2026-03-29,gas,8,0.659,"Energy Harbor LLC168 East Market Street Akron,OH 44308(855) 487-0822Company UrlOffer DetailsTerms of ServiceSign Up",13:44:21
2026-03-30,elec,9,0.0897,"Town Square Energy East LLC2200 E Williams Field Rd, Suite 200 Gilbert,AZ 85295(877) 430-0093Company UrlOffer DetailsTerms of ServiceSign Up",14:20:13
2026-03-30,elec,2,0.0958,"APG&E6161 Savoy Drive Suite 500 Houston,TX 77036(713) 396-1757Company UrlOffer DetailsTerms of ServiceSign Up",14:20:13
2026-03-30,elec,4,0.0899,"Shipley Choice, LLC415 Norway St York,PA 17403(844) 243-4201Company UrlOffer DetailsTerms of ServiceSign Up",14:20:13
2026-03-30,elec,7,0.0897,"Town Square Energy East LLC2200 E Williams Field Rd, Suite 200 Gilbert,AZ 85295(877) 430-0093Company UrlOffer DetailsTerms of ServiceSign Up",14:20:13
2026-03-30,elec,6,0.0897,"Town Square Energy East LLC2200 E Williams Field Rd, Suite 200 Gilbert,AZ 85295(877) 430-0093Company UrlOffer DetailsTerms of ServiceSign Up",14:20:13
2026-03-30,elec,3,0.0909,"Dynegy Energy Services East LLC6555 Sierra Drive Irving,TX 75039(833) 277-8471Company UrlOffer DetailsTerms of ServiceSign Up",14:20:13
2026-03-30,gas,1,0.3192,"Ohio Gas & ElectricP.O. Box 660403 Dallas,TX 75266-0433(866) 706-7360Company UrlOffer DetailsTerms of ServiceSign Up",14:20:13
2026-03-30,gas,11,0.619,"Alpha Gas And Electric LLC12 College Road Monsey,NY 10952(845) 810-0088Company UrlOffer DetailsTerms of ServiceSign Up",14:20:13
2026-03-30,gas,10,0.479,"Ohio Gas & ElectricP.O. Box 660403 Dallas,TX 75266-0433(866) 706-7360Company UrlOffer DetailsTerms of ServiceSign Up",14:20:13
2026-03-30,gas,8,0.659,"Ohio Gas & ElectricP.O. Box 660403 Dallas,TX 75266-0433(866) 706-7360Company UrlOffer DetailsTerms of ServiceSign Up",14:20:13
2026-03-31,elec,9,0.0896,"Shipley Choice, LLC415 Norway St York,PA 17403(844) 243-4201Company UrlOffer DetailsTerms of ServiceSign Up",14:22:02
2026-03-31,elec,2,0.0935,"Shipley Choice, LLC415 Norway St York,PA 17403(844) 243-4201Company UrlOffer DetailsTerms of ServiceSign Up",14:22:02
2026-03-31,elec,4,0.0899,"Shipley Choice, LLC415 Norway St York,PA 17403(844) 243-4201Company UrlOffer DetailsTerms of ServiceSign Up",14:22:02
2026-03-31,elec,7,0.0897,"Town Square Energy East LLC2200 E Williams Field Rd, Suite 200 Gilbert,AZ 85295(877) 430-0093Company UrlOffer DetailsTerms of ServiceSign Up",14:22:02
2026-03-31,elec,6,0.0897,"Town Square Energy East LLC2200 E Williams Field Rd, Suite 200 Gilbert,AZ 85295(877) 430-0093Company UrlOffer DetailsTerms of ServiceSign Up",14:22:02
2026-03-31,elec,3,0.0909,"Dynegy Energy Services East LLC6555 Sierra Drive Irving,TX 75039(833) 277-8471Company UrlOffer DetailsTerms of ServiceSign Up",14:22:02
2026-03-31,gas,1,0.3192,"Ohio Gas & ElectricP.O. Box 660403 Dallas,TX 75266-0433(866) 706-7360Company UrlOffer DetailsTerms of ServiceSign Up",14:22:02
2026-03-31,gas,11,0.619,"Alpha Gas And Electric LLC12 College Road Monsey,NY 10952(845) 810-0088Company UrlOffer DetailsTerms of ServiceSign Up",14:22:02
2026-03-31,gas,10,0.479,"Energy Harbor LLC168 East Market Street Akron,OH 44308(855) 487-0822Company UrlOffer DetailsTerms of ServiceSign Up",14:22:02
2026-03-31,gas,8,0.659,"Ohio Gas & ElectricP.O. Box 660403 Dallas,TX 75266-0433(866) 706-7360Company UrlOffer DetailsTerms of ServiceSign Up",14:22:02
2026-04-01,elec,9,0.0896,"Shipley Choice, LLC415 Norway St York,PA 17403(844) 243-4201Company UrlOffer DetailsTerms of ServiceSign Up",14:24:39
2026-04-01,elec,2,0.0935,"Shipley Choice, LLC415 Norway St York,PA 17403(844) 243-4201Company UrlOffer DetailsTerms of ServiceSign Up",14:24:39
2026-04-01,elec,4,0.0899,"Shipley Choice, LLC415 Norway St York,PA 17403(844) 243-4201Company UrlOffer DetailsTerms of ServiceSign Up",14:24:39
2026-04-01,elec,7,0.0897,"Town Square Energy East LLC2200 E Williams Field Rd, Suite 200 Gilbert,AZ 85295(877) 430-0093Company UrlOffer DetailsTerms of ServiceSign Up",14:24:39
2026-04-01,elec,6,0.0897,"Town Square Energy East LLC2200 E Williams Field Rd, Suite 200 Gilbert,AZ 85295(877) 430-0093Company UrlOffer DetailsTerms of ServiceSign Up",14:24:39
2026-04-01,elec,3,0.0928,"Shipley Choice, LLC415 Norway St York,PA 17403(844) 243-4201Company UrlOffer DetailsTerms of ServiceSign Up",14:24:39
2026-04-01,gas,1,0.3192,"Ohio Gas & ElectricP.O. Box 660403 Dallas,TX 75266-0433(866) 706-7360Company UrlOffer DetailsTerms of ServiceSign Up",14:24:39
2026-04-01,gas,11,0.619,"Alpha Gas And Electric LLC12 College Road Monsey,NY 10952(845) 810-0088Company UrlOffer DetailsTerms of ServiceSign Up",14:24:39
2026-04-01,gas,10,0.479,"Ohio Gas & ElectricP.O. Box 660403 Dallas,TX 75266-0433(866) 706-7360Company UrlOffer DetailsTerms of ServiceSign Up",14:24:39
2026-04-01,gas,8,0.639,"Energy Harbor LLC168 East Market Street Akron,OH 44308(855) 487-0822Company UrlOffer DetailsTerms of ServiceSign Up",14:24:39
2026-04-02,elec,9,0.0896,"Shipley Choice, LLC415 Norway St York,PA 17403(844) 243-4201Company UrlOffer DetailsTerms of ServiceSign Up",14:15:39
2026-04-02,elec,2,0.0935,"Shipley Choice, LLC415 Norway St York,PA 17403(844) 243-4201Company UrlOffer DetailsTerms of ServiceSign Up",14:15:39
2026-04-02,elec,4,0.0899,"Shipley Choice, LLC415 Norway St York,PA 17403(844) 243-4201Company UrlOffer DetailsTerms of ServiceSign Up",14:15:39
2026-04-02,elec,7,0.0897,"Town Square Energy East LLC2200 E Williams Field Rd, Suite 200 Gilbert,AZ 85295(877) 430-0093Company UrlOffer DetailsTerms of ServiceSign Up",14:15:39
2026-04-02,elec,6,0.0897,"Town Square Energy East LLC2200 E Williams Field Rd, Suite 200 Gilbert,AZ 85295(877) 430-0093Company UrlOffer DetailsTerms of ServiceSign Up",14:15:39
2026-04-02,elec,3,0.0928,"Shipley Choice, LLC415 Norway St York,PA 17403(844) 243-4201Company UrlOffer DetailsTerms of ServiceSign Up",14:15:39
2026-04-02,gas,1,0.299,"BTY Energy LLC11811 Shaker Blvd Suite 429 Cleveland,OH 44120(800) 977-9217Company UrlOffer DetailsTerms of ServiceSign Up",14:15:39
2026-04-02,gas,11,0.619,"Alpha Gas And Electric LLC12 College Road Monsey,NY 10952(845) 810-0088Company UrlOffer DetailsTerms of ServiceSign Up",14:15:39
2026-04-02,gas,10,0.479,"Energy Harbor LLC168 East Market Street Akron,OH 44308(855) 487-0822Company UrlOffer DetailsTerms of ServiceSign Up",14:15:39
2026-04-02,gas,8,0.639,"Energy Harbor LLC168 East Market Street Akron,OH 44308(855) 487-0822Company UrlOffer DetailsTerms of ServiceSign Up",14:15:39
2026-04-03,elec,9,0.0896,"Shipley Choice, LLC415 Norway St York,PA 17403(844) 243-4201Company UrlOffer DetailsTerms of ServiceSign Up",13:55:59
2026-04-03,elec,2,0.0935,"Shipley Choice, LLC415 Norway St York,PA 17403(844) 243-4201Company UrlOffer DetailsTerms of ServiceSign Up",13:55:59
2026-04-03,elec,4,0.0899,"Shipley Choice, LLC415 Norway St York,PA 17403(844) 243-4201Company UrlOffer DetailsTerms of ServiceSign Up",13:55:59
2026-04-03,elec,7,0.0887,"Town Square Energy East LLC2200 E Williams Field Rd, Suite 200 Gilbert,AZ 85295(877) 430-0093Company UrlOffer DetailsTerms of ServiceSign Up",13:55:59
2026-04-03,elec,6,0.0887,"Town Square Energy East LLC2200 E Williams Field Rd, Suite 200 Gilbert,AZ 85295(877) 430-0093Company UrlOffer DetailsTerms of ServiceSign Up",13:55:59
2026-04-03,elec,3,0.0887,"Town Square Energy East LLC2200 E Williams Field Rd, Suite 200 Gilbert,AZ 85295(877) 430-0093Company UrlOffer DetailsTerms of ServiceSign Up",13:55:59
2026-04-03,gas,1,0.299,"BTY Energy LLC11811 Shaker Blvd Suite 429 Cleveland,OH 44120(800) 977-9217Company UrlOffer DetailsTerms of ServiceSign Up",13:55:59
2026-04-03,gas,11,0.619,"Alpha Gas And Electric LLC12 College Road Monsey,NY 10952(845) 810-0088Company UrlOffer DetailsTerms of ServiceSign Up",13:55:59
2026-04-03,gas,10,0.479,"Energy Harbor LLC168 East Market Street Akron,OH 44308(855) 487-0822Company UrlOffer DetailsTerms of ServiceSign Up",13:55:59
2026-04-03,gas,8,0.639,"Energy Harbor LLC168 East Market Street Akron,OH 44308(855) 487-0822Company UrlOffer DetailsTerms of ServiceSign Up",13:55:59
2026-04-04,elec,9,0.0896,"Shipley Choice, LLC415 Norway St York,PA 17403(844) 243-4201Company UrlOffer DetailsTerms of ServiceSign Up",13:44:24
2026-04-04,elec,2,0.0935,"Shipley Choice, LLC415 Norway St York,PA 17403(844) 243-4201Company UrlOffer DetailsTerms of ServiceSign Up",13:44:24
2026-04-04,elec,4,0.0899,"Shipley Choice, LLC415 Norway St York,PA 17403(844) 243-4201Company UrlOffer DetailsTerms of ServiceSign Up",13:44:24
2026-04-04,elec,7,0.0887,"Town Square Energy East LLC2200 E Williams Field Rd, Suite 200 Gilbert,AZ 85295(877) 430-0093Company UrlOffer DetailsTerms of ServiceSign Up",13:44:24
2026-04-04,elec,6,0.0887,"Town Square Energy East LLC2200 E Williams Field Rd, Suite 200 Gilbert,AZ 85295(877) 430-0093Company UrlOffer DetailsTerms of ServiceSign Up",13:44:24
2026-04-04,elec,3,0.0887,"Town Square Energy East LLC2200 E Williams Field Rd, Suite 200 Gilbert,AZ 85295(877) 430-0093Company UrlOffer DetailsTerms of ServiceSign Up",13:44:24
2026-04-04,gas,1,0.299,"BTY Energy LLC11811 Shaker Blvd Suite 429 Cleveland,OH 44120(800) 977-9217Company UrlOffer DetailsTerms of ServiceSign Up",13:44:24
2026-04-04,gas,11,0.619,"Alpha Gas And Electric LLC12 College Road Monsey,NY 10952(845) 810-0088Company UrlOffer DetailsTerms of ServiceSign Up",13:44:24
2026-04-04,gas,10,0.479,"Ohio Gas & ElectricP.O. Box 660403 Dallas,TX 75266-0433(866) 706-7360Company UrlOffer DetailsTerms of ServiceSign Up",13:44:24
2026-04-04,gas,8,0.639,"Ohio Gas & ElectricP.O. Box 660403 Dallas,TX 75266-0433(866) 706-7360Company UrlOffer DetailsTerms of ServiceSign Up",13:44:24
2026-04-05,elec,9,0.0896,"Shipley Choice, LLC415 Norway St York,PA 17403(844) 243-4201Company UrlOffer DetailsTerms of ServiceSign Up",13:45:38
2026-04-05,elec,2,0.0935,"Shipley Choice, LLC415 Norway St York,PA 17403(844) 243-4201Company UrlOffer DetailsTerms of ServiceSign Up",13:45:38
2026-04-05,elec,4,0.0899,"Shipley Choice, LLC415 Norway St York,PA 17403(844) 243-4201Company UrlOffer DetailsTerms of ServiceSign Up",13:45:38
2026-04-05,elec,7,0.0887,"Town Square Energy East LLC2200 E Williams Field Rd, Suite 200 Gilbert,AZ 85295(877) 430-0093Company UrlOffer DetailsTerms of ServiceSign Up",13:45:38
2026-04-05,elec,6,0.0887,"Town Square Energy East LLC2200 E Williams Field Rd, Suite 200 Gilbert,AZ 85295(877) 430-0093Company UrlOffer DetailsTerms of ServiceSign Up",13:45:38
2026-04-05,elec,3,0.0887,"Town Square Energy East LLC2200 E Williams Field Rd, Suite 200 Gilbert,AZ 85295(877) 430-0093Company UrlOffer DetailsTerms of ServiceSign Up",13:45:38
2026-04-05,gas,1,0.29900000000000004,"BTY Energy LLC11811 Shaker Blvd Suite 429 Cleveland,OH 44120(800) 977-9217Company UrlOffer DetailsTerms of ServiceSign Up",13:45:38
2026-04-05,gas,11,0.619,"Alpha Gas And Electric LLC12 College Road Monsey,NY 10952(845) 810-0088Company UrlOffer DetailsTerms of ServiceSign Up",13:45:38
2026-04-05,gas,10,0.479,"Ohio Gas & ElectricP.O. Box 660403 Dallas,TX 75266-0433(866) 706-7360Company UrlOffer DetailsTerms of ServiceSign Up",13:45:38
2026-04-05,gas,8,0.639,"Ohio Gas & ElectricP.O. Box 660403 Dallas,TX 75266-0433(866) 706-7360Company UrlOffer DetailsTerms of ServiceSign Up",13:45:38
